{
"skeleton": { "hash": "fx0Y9iFc//75GRL+q+MOMQ2yoLY", "spine": "2.1.27", "width": 149.07, "height": 116.07, "images": "" },
"bones": [
	{ "name": "root", "color": "ffffffff" },
	{ "name": "bone", "parent": "root", "length": 28.68, "x": -0.01, "y": -0.01, "rotation": 0.9, "color": "ffffffff" },
	{ "name": "liang_dian", "parent": "root", "length": 74.78, "y": -0.01, "rotation": 90, "color": "0000ffff" },
	{ "name": "zi_1", "parent": "root", "length": 41.2, "x": -0.1, "y": -0.53, "rotation": 180, "color": "ffffffff" },
	{ "name": "liang_dian2", "parent": "liang_dian", "x": 71.58, "y": 0.18, "color": "0000ffff" }
],
"slots": [
	{ "name": "liang_dian", "bone": "liang_dian2", "attachment": "liang_dian" },
	{ "name": "zi_1", "bone": "zi_1", "attachment": "zi_1" },
	{ "name": "liang_xian", "bone": "bone", "attachment": "liang_xian" }
],
"skins": {
	"default": {
		"liang_dian": {
			"liang_dian": { "x": -22.6, "y": 3.21, "rotation": -89.91, "width": 149, "height": 59 }
		},
		"liang_xian": {
			"liang_xian": { "x": -0.04, "y": 0.01, "rotation": -0.9, "width": 76, "height": 75 }
		}
	},
	"tx_1": {
		"zi_1": {
			"zi_1": { "x": 21.67, "y": -16.32, "rotation": -180, "width": 27, "height": 43 },
			"zi_2": { "x": 9.36, "y": -2.4, "rotation": -180, "width": 51, "height": 71 },
			"zi_3": { "x": 1.33, "y": -1.6, "rotation": -180, "width": 68, "height": 71 },
			"zi_4": { "x": -4.54, "y": -2.4, "rotation": -180, "width": 55, "height": 71 },
			"zi_5": { "x": -16.32, "y": 3.74, "rotation": -180, "width": 33, "height": 58 },
			"zi_6": { "x": -23.81, "y": 18.46, "rotation": -180, "width": 18, "height": 28 }
		}
	}
},
"animations": {
	"default": {
		"slots": {
			"liang_dian": {
				"color": [
					{ "time": 0, "color": "ffffffd4" },
					{ "time": 1.3333, "color": "ffffff00", "curve": "stepped" },
					{ "time": 2.6666, "color": "ffffff00" },
					{ "time": 4, "color": "ffffffd4" }
				]
			},
			"liang_xian": {
				"color": [
					{ "time": 0, "color": "ffffff00" },
					{ "time": 0.5, "color": "ffffff81" },
					{ "time": 1, "color": "ffffff00" }
				]
			},
			"zi_1": {
				"attachment": [
					{ "time": 0.3333, "name": "zi_1" },
					{ "time": 0.4, "name": "zi_2" },
					{ "time": 0.4666, "name": "zi_3" },
					{ "time": 0.5333, "name": "zi_4" },
					{ "time": 0.6, "name": "zi_5" },
					{ "time": 0.6666, "name": "zi_6" },
					{ "time": 2.4, "name": "zi_1" },
					{ "time": 2.4666, "name": "zi_2" },
					{ "time": 2.5333, "name": "zi_3" },
					{ "time": 2.6, "name": "zi_4" },
					{ "time": 2.6666, "name": "zi_5" },
					{ "time": 2.7333, "name": "zi_6" }
				],
				"color": [
					{ "time": 0, "color": "ffffff00", "curve": "stepped" },
					{ "time": 0.2666, "color": "ffffff00" },
					{ "time": 0.3333, "color": "ffffff7b", "curve": "stepped" },
					{ "time": 0.6, "color": "ffffff7b" },
					{ "time": 0.6666, "color": "ffffff00", "curve": "stepped" },
					{ "time": 2.3333, "color": "ffffff00" },
					{ "time": 2.4, "color": "ffffff7b", "curve": "stepped" },
					{ "time": 2.6666, "color": "ffffff7b" },
					{ "time": 2.7333, "color": "ffffff00" }
				]
			}
		},
		"bones": {
			"liang_dian": {
				"rotate": [
					{ "time": 0, "angle": 0 },
					{ "time": 1, "angle": 85.04 },
					{ "time": 2, "angle": 180 },
					{ "time": 3, "angle": -88.56 },
					{ "time": 4, "angle": 0 }
				]
			},
			"bone": {
				"rotate": [
					{ "time": 1.0333, "angle": 0 }
				],
				"translate": [
					{ "time": 0, "x": -0.29, "y": 0.29, "curve": "stepped" },
					{ "time": 1.0333, "x": -0.29, "y": 0.29 }
				],
				"scale": [
					{ "time": 0, "x": 1, "y": 1 },
					{ "time": 0.5, "x": 1.471, "y": 1.471 },
					{ "time": 0.6, "x": 1.386, "y": 1.386 },
					{ "time": 1.0333, "x": 1.996, "y": 1.996 }
				]
			}
		}
	}
}
}