{
"skeleton": { "hash": "DGeigtUA7fKeFE3EFY9SNPv2uWo", "spine": "2.1.27", "width": 170, "height": 174, "images": "" },
"bones": [
	{ "name": "root" },
	{ "name": "dian_01", "parent": "root", "length": 42.77, "x": 2.6, "y": -0.36, "rotation": 180, "color": "c91400ff" },
	{ "name": "dian_02", "parent": "root", "length": 43.19, "x": -1.62, "y": 0.05, "color": "c91400ff" },
	{ "name": "dian_03", "parent": "root", "length": 55.9, "x": 0.91, "y": 0.05, "rotation": -90, "color": "c91400ff" },
	{ "name": "dian_04", "parent": "root", "length": 43.19, "x": 0.06, "y": 0.48, "rotation": 90, "color": "c91400ff" },
	{ "name": "dian_1", "parent": "root", "length": 42.77, "x": 2.6, "y": -0.36, "rotation": 180, "color": "fbff00ff" },
	{ "name": "dian_2", "parent": "root", "length": 43.19, "x": -1.62, "y": 0.05, "color": "fbff00ff" },
	{ "name": "dian_3", "parent": "root", "length": 55.9, "x": 0.91, "y": 0.05, "rotation": -90, "color": "fbff00ff" },
	{ "name": "dian_4", "parent": "root", "length": 43.19, "x": 0.06, "y": 0.48, "rotation": 90, "color": "fbff00ff" },
	{ "name": "line_01", "parent": "root", "length": 81.73, "x": 0.06, "y": -0.36, "rotation": -90, "color": "0009ffff" },
	{ "name": "line_02", "parent": "root", "length": 81.73, "x": 0.06, "y": -0.36, "rotation": -90, "color": "0009ffff" },
	{ "name": "line_03", "parent": "root", "length": 81.73, "x": 0.06, "y": -0.36, "rotation": -90, "color": "0009ffff" }
],
"slots": [
	{ "name": "line_01", "bone": "line_01", "attachment": "line_01" },
	{ "name": "line_1", "bone": "line_02", "attachment": "line_01" },
	{ "name": "line_2", "bone": "line_03", "attachment": "line_01" },
	{ "name": "dian_04", "bone": "dian_04", "attachment": "dian_04" },
	{ "name": "dian_4", "bone": "dian_4", "attachment": "dian_04" },
	{ "name": "dian_03", "bone": "dian_03", "attachment": "dian_03" },
	{ "name": "dian_3", "bone": "dian_3", "attachment": "dian_03" },
	{ "name": "dian_02", "bone": "dian_02", "attachment": "dian_02" },
	{ "name": "dian_2", "bone": "dian_2", "attachment": "dian_02" },
	{ "name": "dian_01", "bone": "dian_01", "attachment": "dian_01" },
	{ "name": "dian_1", "bone": "dian_1", "attachment": "dian_01" }
],
"skins": {
	"default": {
		"dian_01": {
			"dian_01": { "x": -1.8, "rotation": -180, "width": 80, "height": 69 }
		},
		"dian_02": {
			"dian_02": { "x": 1.47, "y": 5.81, "width": 90, "height": 87 }
		},
		"dian_03": {
			"dian_03": { "x": 3.79, "y": 0.81, "rotation": 90, "width": 92, "height": 60 }
		},
		"dian_04": {
			"dian_04": { "x": 2.46, "y": 1.93, "rotation": -90, "width": 103, "height": 77 }
		},
		"dian_1": {
			"dian_01": { "x": -1.8, "rotation": -180, "width": 80, "height": 69 }
		},
		"dian_2": {
			"dian_02": { "x": 1.47, "y": 5.81, "width": 90, "height": 87 }
		},
		"dian_3": {
			"dian_03": { "x": 3.79, "y": 0.81, "rotation": 90, "width": 92, "height": 60 }
		},
		"dian_4": {
			"dian_04": { "x": 2.46, "y": 1.93, "rotation": -90, "width": 103, "height": 77 }
		},
		"line_01": {
			"line_01": { "x": -0.4, "y": -0.1, "rotation": 90, "width": 170, "height": 174 }
		},
		"line_1": {
			"line_01": { "x": -0.4, "y": -0.1, "rotation": 90, "width": 170, "height": 174 }
		},
		"line_2": {
			"line_01": { "x": -0.4, "y": -0.1, "rotation": 90, "width": 170, "height": 174 }
		}
	}
},
"animations": {
	"default": {
		"slots": {
			"dian_01": {
				"color": [
					{ "time": 0, "color": "ffffff00" },
					{ "time": 0.1, "color": "ffffff94" },
					{ "time": 0.3333, "color": "ffffffff" },
					{ "time": 0.4333, "color": "ffffff00" }
				]
			},
			"dian_1": {
				"color": [
					{ "time": 0, "color": "ffffff00", "curve": "stepped" },
					{ "time": 0.2333, "color": "ffffff00" },
					{ "time": 0.3333, "color": "ffffff94", "curve": "stepped" },
					{ "time": 0.5333, "color": "ffffff94" },
					{ "time": 0.6666, "color": "ffffff00" }
				]
			},
			"dian_02": {
				"color": [
					{ "time": 0, "color": "ffffff00" },
					{ "time": 0.1, "color": "ffffffff", "curve": "stepped" },
					{ "time": 0.2333, "color": "ffffffff", "curve": "stepped" },
					{ "time": 0.5666, "color": "ffffffff" },
					{ "time": 0.6333, "color": "ffffff00" }
				]
			},
			"dian_2": {
				"color": [
					{ "time": 0, "color": "ffffff00", "curve": "stepped" },
					{ "time": 0.1, "color": "ffffff00" },
					{ "time": 0.2333, "color": "ffffff94", "curve": "stepped" },
					{ "time": 0.5666, "color": "ffffff94" },
					{ "time": 0.8, "color": "ffffff00" }
				]
			},
			"dian_03": {
				"color": [
					{ "time": 0, "color": "ffffff00" },
					{ "time": 0.1, "color": "ffffffff" },
					{ "time": 0.8, "color": "ffffff00" }
				]
			},
			"dian_3": {
				"color": [
					{ "time": 0, "color": "ffffff00" },
					{ "time": 0.1, "color": "ffffff94", "curve": "stepped" },
					{ "time": 0.5666, "color": "ffffff94" },
					{ "time": 0.7333, "color": "ffffff00" }
				]
			},
			"dian_04": {
				"color": [
					{ "time": 0, "color": "ffffff00" },
					{ "time": 0.1, "color": "ffffffff", "curve": "stepped" },
					{ "time": 0.4333, "color": "ffffffff" },
					{ "time": 0.6666, "color": "ffffff00" }
				]
			},
			"dian_4": {
				"color": [
					{ "time": 0, "color": "ffffff00" },
					{ "time": 0.1, "color": "ffffff94", "curve": "stepped" },
					{ "time": 0.5333, "color": "ffffff94" },
					{ "time": 0.6666, "color": "ffffff00" }
				]
			},
			"line_01": {
				"color": [
					{ "time": 0, "color": "ffffff00" },
					{ "time": 0.1, "color": "ffffffff" },
					{ "time": 0.4333, "color": "ffffff00" }
				]
			},
			"line_1": {
				"color": [
					{ "time": 0, "color": "ffffff00", "curve": "stepped" },
					{ "time": 0.2333, "color": "ffffff00" },
					{ "time": 0.3333, "color": "ffffffff" },
					{ "time": 0.6666, "color": "ffffff00" }
				]
			},
			"line_2": {
				"color": [
					{ "time": 0, "color": "ffffff00", "curve": "stepped" },
					{ "time": 0.4333, "color": "ffffff00" },
					{ "time": 0.5666, "color": "ffffffff" },
					{ "time": 0.9, "color": "ffffff00" }
				]
			}
		},
		"bones": {
			"line_01": {
				"scale": [
					{ "time": 0.1, "x": 1, "y": 1 },
					{ "time": 0.5666, "x": 1.2, "y": 1.2 }
				]
			},
			"line_02": {
				"scale": [
					{ "time": 0.3333, "x": 1, "y": 1 },
					{ "time": 0.8, "x": 1.2, "y": 1.2 }
				]
			},
			"line_03": {
				"scale": [
					{ "time": 0.5666, "x": 1, "y": 1 },
					{ "time": 1, "x": 1.2, "y": 1.2 }
				]
			},
			"dian_01": {
				"rotate": [
					{ "time": 0, "angle": 0 }
				],
				"translate": [
					{ "time": 0, "x": -39.48, "y": 32.25 },
					{ "time": 0.4333, "x": -51.15, "y": 61.64 }
				],
				"scale": [
					{ "time": 0, "x": 0.527, "y": 0.527 },
					{ "time": 0.4333, "x": 1.245, "y": 1.245 }
				]
			},
			"dian_1": {
				"rotate": [
					{ "time": 0.2333, "angle": 0 }
				],
				"translate": [
					{ "time": 0.2333, "x": -19.59, "y": 12.87 },
					{ "time": 0.6666, "x": -70.82, "y": 38.69 }
				],
				"scale": [
					{ "time": 0.2333, "x": 0.649, "y": 0.649 },
					{ "time": 0.6666, "x": 1, "y": 1 }
				]
			},
			"dian_02": {
				"rotate": [
					{ "time": 0, "angle": 0 }
				],
				"translate": [
					{ "time": 0, "x": 33.92, "y": 28.36 },
					{ "time": 0.6666, "x": 62.95, "y": 59.67 }
				],
				"scale": [
					{ "time": 0, "x": 0.326, "y": 0.326 },
					{ "time": 0.6666, "x": 1, "y": 1 }
				]
			},
			"dian_2": {
				"rotate": [
					{ "time": 0.1, "angle": 0 }
				],
				"translate": [
					{ "time": 0.1, "x": 24.06, "y": 15.11 },
					{ "time": 0.8, "x": 57.05, "y": 34.75 }
				],
				"scale": [
					{ "time": 0.1, "x": 0.07, "y": 0.07 },
					{ "time": 0.8, "x": 1, "y": 1 }
				]
			},
			"dian_03": {
				"rotate": [
					{ "time": 0, "angle": 0 }
				],
				"translate": [
					{ "time": 0, "x": -48.38, "y": -33.92 },
					{ "time": 0.9, "x": -55.5, "y": -62.36 }
				],
				"scale": [
					{ "time": 0, "x": 0.511, "y": 0.511 },
					{ "time": 0.9, "x": 1, "y": 1 }
				]
			},
			"dian_3": {
				"rotate": [
					{ "time": 0, "angle": 0 }
				],
				"translate": [
					{ "time": 0, "x": -27.09, "y": -25.94 },
					{ "time": 0.8, "x": -60.34, "y": -28.83 }
				],
				"scale": [
					{ "time": 0, "x": 0.62, "y": 0.62 },
					{ "time": 0.8, "x": 1.295, "y": 1.295 }
				]
			},
			"dian_04": {
				"rotate": [
					{ "time": 0, "angle": 0 }
				],
				"translate": [
					{ "time": 0, "x": 32.81, "y": -38.37 },
					{ "time": 0.8, "x": 88.41, "y": -53.48 }
				],
				"scale": [
					{ "time": 0, "x": 1, "y": 1 },
					{ "time": 0.8, "x": 1.202, "y": 1.202 }
				]
			},
			"dian_4": {
				"rotate": [
					{ "time": 0, "angle": 0 }
				],
				"translate": [
					{ "time": 0, "x": 29.1, "y": -16.23 },
					{ "time": 0.6666, "x": 72.08, "y": -14.41 }
				],
				"scale": [
					{ "time": 0, "x": 0.502, "y": 0.502 },
					{ "time": 0.6666, "x": 1.138, "y": 1.138 }
				]
			}
		}
	}
}
}