{
  "classname": null,
  "name": null,
  "animation": {
    "classname": null,
    "name": "AnimationManager",
    "actionlist": []
  },
  "dataScale": 1,
  "designHeight": 640,
  "designWidth": 1136,
  "textures": [],
  "texturesPng": [],
  "version": "1.6.0.0",
  "widgetTree": {
    "classname": "Panel",
    "name": null,
    "children": [
      {
        "classname": "ImageView",
        "name": null,
        "children": [
          {
            "classname": "LoadingBar",
            "name": null,
            "children": [],
            "options": {
              "__type": "LoadingBarSurrogate:#EditorCommon.JsonModel.Component.GUI",
              "classname": "LoadingBar",
              "name": "proBar",
              "ZOrder": 1,
              "actiontag": 3768529,
              "anchorPointX": 0.5,
              "anchorPointY": 0.5,
              "classType": "CocoStudio.EngineAdapterWrap.CSLoadingBar",
              "colorB": 255,
              "colorG": 255,
              "colorR": 255,
              "customProperty": "",
              "flipX": false,
              "flipY": false,
              "height": 8,
              "ignoreSize": true,
              "layoutParameter": null,
              "opacity": 255,
              "positionPercentX": -0.267605633,
              "positionPercentY": -0.0884955749,
              "positionType": 0,
              "rotation": -90,
              "scaleX": 1,
              "scaleY": 1,
              "sizePercentX": 2.46478868,
              "sizePercentY": 0.10619469,
              "sizeType": 0,
              "tag": 579,
              "touchAble": false,
              "useMergedTexture": false,
              "visible": true,
              "width": 154,
              "x": -38,
              "y": -20,
              "capInsetsHeight": 1,
              "capInsetsWidth": 1,
              "capInsetsX": 0,
              "capInsetsY": 0,
              "direction": 0,
              "percent": 100,
              "scale9Enable": false,
              "texture": null,
              "textureData": {
                "path": "gameMain/slideProBar.png",
                "plistFile": "",
                "resourceType": 0
              }
            }
          },
          {
            "classname": "Slider",
            "name": null,
            "children": [],
            "options": {
              "__type": "SliderSurrogate:#EditorCommon.JsonModel.Component.GUI",
              "classname": "Slider",
              "name": "slideLine",
              "ZOrder": 2,
              "actiontag": 25782846,
              "anchorPointX": 0.5,
              "anchorPointY": 0.5,
              "classType": "CocoStudio.EngineAdapterWrap.CSSlider",
              "colorB": 255,
              "colorG": 255,
              "colorR": 255,
              "customProperty": "",
              "flipX": false,
              "flipY": false,
              "height": 8,
              "ignoreSize": true,
              "layoutParameter": null,
              "opacity": 255,
              "positionPercentX": -0.267605633,
              "positionPercentY": -0.07522124,
              "positionType": 0,
              "rotation": -89.9853058,
              "scaleX": 1,
              "scaleY": 1,
              "sizePercentX": 1.09859157,
              "sizePercentY": 0.03982301,
              "sizeType": 0,
              "tag": 580,
              "touchAble": true,
              "useMergedTexture": false,
              "visible": true,
              "width": 154,
              "x": -38,
              "y": -17,
              "ballDisabled": null,
              "ballDisabledData": {
                "path": "gameMain/slideBtn.png",
                "plistFile": "",
                "resourceType": 0
              },
              "ballNormal": null,
              "ballNormalData": {
                "path": "gameMain/slideBtn.png",
                "plistFile": "",
                "resourceType": 0
              },
              "ballPressed": null,
              "ballPressedData": {
                "path": "gameMain/slideBtn.png",
                "plistFile": "",
                "resourceType": 0
              },
              "barCapInsetsHeight": 1,
              "barCapInsetsWidth": 1,
              "barCapInsetsX": 0,
              "barCapInsetsY": 0,
              "barFileName": null,
              "barFileNameData": {
                "path": "gameMain/slideProBarEmpty.png",
                "plistFile": "",
                "resourceType": 0
              },
              "capInsetsHeight": 1,
              "capInsetsWidth": 1,
              "capInsetsX": 0,
              "capInsetsY": 0,
              "length": 154,
              "percent": 0,
              "progressBarCapInsetsHeight": 0,
              "progressBarCapInsetsWidth": 0,
              "progressBarCapInsetsX": 0,
              "progressBarCapInsetsY": 0,
              "progressBarData": {
                "path": "gameMain/slideProBarEmpty.png",
                "plistFile": "",
                "resourceType": 0
              },
              "progressBarVisible": false,
              "scale9Enable": false,
              "scale9Height": 0,
              "scale9Width": 0,
              "slidBallAnchorPointX": 0,
              "slidBallAnchorPointY": 0
            }
          },
          {
            "classname": "ImageView",
            "name": null,
            "children": [],
            "options": {
              "__type": "ImageViewSurrogate:#EditorCommon.JsonModel.Component.GUI",
              "classname": "ImageView",
              "name": "proBarBg",
              "ZOrder": 0,
              "actiontag": 40061637,
              "anchorPointX": 0.5,
              "anchorPointY": 0.5,
              "classType": "CocoStudio.EngineAdapterWrap.CSImageView",
              "colorB": 255,
              "colorG": 255,
              "colorR": 255,
              "customProperty": "",
              "flipX": false,
              "flipY": false,
              "height": 8,
              "ignoreSize": true,
              "layoutParameter": null,
              "opacity": 255,
              "positionPercentX": -0.267605633,
              "positionPercentY": -0.0884955749,
              "positionType": 0,
              "rotation": -90,
              "scaleX": 1,
              "scaleY": 1,
              "sizePercentX": 0.5633803,
              "sizePercentY": 0.3539823,
              "sizeType": 0,
              "tag": 581,
              "touchAble": false,
              "useMergedTexture": false,
              "visible": true,
              "width": 154,
              "x": -38,
              "y": -20,
              "capInsetsHeight": 1,
              "capInsetsWidth": 1,
              "capInsetsX": 0,
              "capInsetsY": 0,
              "fileName": null,
              "fileNameData": {
                "path": "gameMain/slideProBarBg.png",
                "plistFile": "",
                "resourceType": 0
              },
              "scale9Enable": false,
              "scale9Height": 8,
              "scale9Width": 154
            }
          },
          {
            "classname": "Button",
            "name": null,
            "children": [
              {
                "classname": "LabelAtlas",
                "name": null,
                "children": [],
                "options": {
                  "__type": "LabelAtlasSurrogate:#EditorCommon.JsonModel.Component.GUI",
                  "classname": "LabelAtlas",
                  "name": "addNum",
                  "ZOrder": 1,
                  "actiontag": 11367981,
                  "anchorPointX": 0.5,
                  "anchorPointY": 0.5,
                  "classType": "CocoStudio.EngineAdapterWrap.CSLabelAtlas",
                  "colorB": 255,
                  "colorG": 255,
                  "colorR": 255,
                  "customProperty": "",
                  "flipX": false,
                  "flipY": false,
                  "height": 17,
                  "ignoreSize": true,
                  "layoutParameter": null,
                  "opacity": 255,
                  "positionPercentX": 0.00463129161,
                  "positionPercentY": 0.0222225618,
                  "positionType": 0,
                  "rotation": 0,
                  "scaleX": 1,
                  "scaleY": 1,
                  "sizePercentX": 1.88976383,
                  "sizePercentY": 0.7111111,
                  "sizeType": 0,
                  "tag": 582,
                  "touchAble": false,
                  "useMergedTexture": false,
                  "visible": true,
                  "width": 96,
                  "x": 0,
                  "y": 1,
                  "charMapFile": null,
                  "charMapFileData": {
                    "path": "gameMain/slideNum.png",
                    "plistFile": "",
                    "resourceType": 0
                  },
                  "itemHeight": 17,
                  "itemWidth": 12,
                  "startCharMap": "0",
                  "stringValue": "99999999"
                }
              }
            ],
            "options": {
              "__type": "ButtonSurrogate:#EditorCommon.JsonModel.Component.GUI",
              "classname": "Button",
              "name": "addGoldBtn",
              "ZOrder": 0,
              "actiontag": 29032445,
              "anchorPointX": 0.5,
              "anchorPointY": 0.5,
              "classType": "CocoStudio.EngineAdapterWrap.CSButton",
              "colorB": 255,
              "colorG": 255,
              "colorR": 255,
              "customProperty": "",
              "flipX": false,
              "flipY": false,
              "height": 45,
              "ignoreSize": false,
              "layoutParameter": null,
              "opacity": 255,
              "positionPercentX": 0,
              "positionPercentY": 0.362831861,
              "positionType": 0,
              "rotation": 0,
              "scaleX": 1,
              "scaleY": 1,
              "sizePercentX": 0.8943662,
              "sizePercentY": 0.199115038,
              "sizeType": 0,
              "tag": 583,
              "touchAble": true,
              "useMergedTexture": false,
              "visible": true,
              "width": 127,
              "x": 0,
              "y": 82,
              "capInsetsHeight": 40,
              "capInsetsWidth": 115,
              "capInsetsX": 8,
              "capInsetsY": 8,
              "disabled": null,
              "disabledData": {
                "path": null,
                "plistFile": null,
                "resourceType": 0
              },
              "fontName": "微软雅黑",
              "fontSize": 14,
              "fontType": 0,
              "normal": null,
              "normalData": {
                "path": "gameMain/game_addScore_cell.png",
                "plistFile": "",
                "resourceType": 0
              },
              "pressed": null,
              "pressedData": {
                "path": null,
                "plistFile": null,
                "resourceType": 0
              },
              "scale9Enable": true,
              "scale9Height": 45,
              "scale9Width": 127,
              "text": "",
              "textColorB": 255,
              "textColorG": 255,
              "textColorR": 255
            }
          }
        ],
        "options": {
          "__type": "ImageViewSurrogate:#EditorCommon.JsonModel.Component.GUI",
          "classname": "ImageView",
          "name": "slideBg",
          "ZOrder": 0,
          "actiontag": 5764808,
          "anchorPointX": 0.5,
          "anchorPointY": 0.5,
          "classType": "CocoStudio.EngineAdapterWrap.CSImageView",
          "colorB": 255,
          "colorG": 255,
          "colorR": 255,
          "customProperty": "",
          "flipX": false,
          "flipY": false,
          "height": 226,
          "ignoreSize": true,
          "layoutParameter": null,
          "opacity": 255,
          "positionPercentX": 0.833626747,
          "positionPercentY": 0.175,
          "positionType": 0,
          "rotation": 0,
          "scaleX": 1,
          "scaleY": 1,
          "sizePercentX": 0.07042254,
          "sizePercentY": 0.125,
          "sizeType": 0,
          "tag": 576,
          "touchAble": false,
          "useMergedTexture": false,
          "visible": true,
          "width": 142,
          "x": 947,
          "y": 112,
          "capInsetsHeight": 1,
          "capInsetsWidth": 1,
          "capInsetsX": 0,
          "capInsetsY": 0,
          "fileName": null,
          "fileNameData": {
            "path": "gameMain/slideBg.png",
            "plistFile": "",
            "resourceType": 0
          },
          "scale9Enable": false,
          "scale9Height": 226,
          "scale9Width": 142
        }
      }
    ],
    "options": {
      "__type": "PanelSurrogate:#EditorCommon.JsonModel.Component.GUI",
      "classname": "Panel",
      "name": "slideGoldLayout",
      "ZOrder": 0,
      "actiontag": 38035443,
      "anchorPointX": 0,
      "anchorPointY": 0,
      "classType": "CocoStudio.EngineAdapterWrap.CSPanel",
      "colorB": 255,
      "colorG": 255,
      "colorR": 255,
      "customProperty": "",
      "flipX": false,
      "flipY": false,
      "height": 640,
      "ignoreSize": false,
      "layoutParameter": null,
      "opacity": 255,
      "positionPercentX": 0,
      "positionPercentY": 0,
      "positionType": 0,
      "rotation": 0,
      "scaleX": 1,
      "scaleY": 1,
      "sizePercentX": 1,
      "sizePercentY": 1,
      "sizeType": 0,
      "tag": 572,
      "touchAble": false,
      "useMergedTexture": false,
      "visible": true,
      "width": 1136,
      "x": 0,
      "y": 0,
      "adaptScreen": false,
      "backGroundImage": null,
      "backGroundImageData": null,
      "backGroundScale9Enable": false,
      "bgColorB": 255,
      "bgColorG": 200,
      "bgColorOpacity": 0,
      "bgColorR": 150,
      "bgEndColorB": 255,
      "bgEndColorG": 200,
      "bgEndColorR": 150,
      "bgStartColorB": 255,
      "bgStartColorG": 255,
      "bgStartColorR": 255,
      "capInsetsHeight": 1,
      "capInsetsWidth": 1,
      "capInsetsX": 0,
      "capInsetsY": 0,
      "clipAble": false,
      "colorType": 1,
      "layoutType": 0,
      "vectorX": 0,
      "vectorY": -0.5
    }
  }
}